{
  "descriptive_stats": {
    "group_a": {
      "mean": 4.285714285714286,
      "std": 1.7288756430151326,
      "size": 14,
      "sem": 0.4620614514643656,
      "median": 4.0,
      "min": 